{"cameraMode":{"drawMode":0,"name":"Shaded","section":"Shading Mode"},"sceneLighting":false,"audioPlay":false,"sceneViewState":{"showFog":false,"showMaterialUpdate":false,"showSkybox":false,"showFlares":false,"showImageEffects":false,"showParticleSystems":false},"in2DMode":false,"pivot":{"x":-2.596019744873047,"y":0.913483738899231,"z":2.492243766784668},"rotation":{"x":-0.017845090478658677,"y":0.8985225558280945,"z":-0.03668865188956261,"w":-0.4370308518409729},"size":8.062938690185547,"orthographic":false}